Minimum,Gene,Position,Amplicon
60,amh,-440,
222,amh,-278,
319,amh,-181,amh_PE1
389,amh,-111,amh_PE1
391,amh,-109,amh_PE1
467,amh,-33,amh_PE1
483,amh,-17,amh_PE1
523,amh,23,amh_PE1
919,amh,419,
941,amh,441,
944,amh,444,
988,amh,488,
998,amh,498,
1028,amh,528,
1143,amh,643,
1172,amh,672,
1225,amh,725,
1238,amh,738,
1298,amh,798,
1315,amh,815,
1351,amh,851,
1452,amh,952,
1473,amh,973,
1684,amh,1184,
1721,amh,1221,
1860,amh,1360,
1874,amh,1374,
1906,amh,1406,
1964,amh,1464,
1996,amh,1496,
2006,amh,1506,
2035,amh,1535,
2041,amh,1541,
2162,amh,1662,
2164,amh,1664,
2195,amh,1695,
2203,amh,1703,
2215,amh,1715,
2397,amh,1897,amh_E7o7
2399,amh,1899,amh_E7o7
2428,amh,1928,amh_E7o7
2440,amh,1940,amh_E7o7
2457,amh,1957,amh_E7o7
2463,amh,1963,amh_E7o7
2481,amh,1981,amh_E7o7
2491,amh,1991,amh_E7o7
2494,amh,1994,amh_E7o7
2504,amh,2004,amh_E7o7
2510,amh,2010,amh_E7o7
2528,amh,2028,amh_E7o7
2546,amh,2046,amh_E7o7
2564,amh,2064,amh_E7o7
2583,amh,2083,amh_E7o7
2585,amh,2085,amh_E7o7
2594,amh,2094,amh_E7o7
2612,amh,2112,amh_E7o7
2624,amh,2124,amh_E7o7
2627,amh,2127,amh_E7o7
2654,amh,2154,
2660,amh,2160,
2662,amh,2162,
2670,amh,2170,
2677,amh,2177,
2684,amh,2184,
2699,amh,2199,
2708,amh,2208,
2784,amh,2284,
2860,amh,2360,
2882,amh,2382,
2994,amh,2494,
3527,cyp19a1a,-362,
3806,cyp19a1a,-83,cyp19a1a_PE1
3837,cyp19a1a,-52,cyp19a1a_PE1
3841,cyp19a1a,-48,cyp19a1a_PE1
3858,cyp19a1a,-31,cyp19a1a_PE1
3917,cyp19a1a,28,cyp19a1a_PE1
3927,cyp19a1a,38,cyp19a1a_PE1
3981,cyp19a1a,92,cyp19a1a_PE1
3995,cyp19a1a,106,cyp19a1a_PE1
4050,cyp19a1a,161,
4095,cyp19a1a,206,
4233,cyp19a1a,344,
4431,cyp19a1a,542,
4469,cyp19a1a,580,
4501,cyp19a1a,612,
4559,cyp19a1a,670,
4731,cyp19a1a,842,
4744,cyp19a1a,855,
4814,cyp19a1a,925,
4822,cyp19a1a,933,
5040,cyp19a1a,1151,
5168,cyp19a1a,1279,
5483,cyp19a1a,1594,
5531,cyp19a1a,1642,
5539,cyp19a1a,1650,
5751,cyp19a1a,1862,cyp19a1a_E8o9
5803,cyp19a1a,1914,cyp19a1a_E8o9
5833,cyp19a1a,1944,cyp19a1a_E8o9
5836,cyp19a1a,1947,cyp19a1a_E8o9
5862,cyp19a1a,1973,cyp19a1a_E8o9
5904,cyp19a1a,2015,cyp19a1a_E8o9
5908,cyp19a1a,2019,cyp19a1a_E8o9
5932,cyp19a1a,2043,cyp19a1a_E8o9
6123,cyp19a1a,2234,
6126,cyp19a1a,2237,
6156,cyp19a1a,2267,
6164,cyp19a1a,2275,
6179,cyp19a1a,2290,
6187,cyp19a1a,2298,
6230,cyp19a1a,2341,
6326,cyp19a1a,2437,
6541,cyp19a1a,2652,
6543,cyp19a1a,2654,
7033,dmrt1,-550,dmrt1_Ppt1
7049,dmrt1,-534,dmrt1_Ppt1
7115,dmrt1,-468,dmrt1_Ppt1
7121,dmrt1,-462,dmrt1_Ppt1
7233,dmrt1,-350,dmrt1_Ppt1
7355,dmrt1,-228,dmrt1_PE1_C
7376,dmrt1,-207,dmrt1_PE1_C
7387,dmrt1,-196,dmrt1_PE1_C
7421,dmrt1,-162,dmrt1_PE1_C
7453,dmrt1,-130,dmrt1_PE1_C
7461,dmrt1,-122,dmrt1_PE1_C
7517,dmrt1,-66,dmrt1_PE1_C
7521,dmrt1,-62,dmrt1_PE1_C
7552,dmrt1,-31,dmrt1_PE1_C
7578,dmrt1,-5,dmrt1_PE1_C
7590,dmrt1,7,dmrt1_PE1_C
7614,dmrt1,31,dmrt1_PE1_C
7621,dmrt1,38,dmrt1_PE1_C
7659,dmrt1,76,dmrt1_PE1_C
7679,dmrt1,96,dmrt1_PE1_C
7693,dmrt1,110,dmrt1_PE1_C
7724,dmrt1,141,dmrt1_PE1_C
7774,dmrt1,191,
7794,dmrt1,211,
7807,dmrt1,224,
7827,dmrt1,244,
7829,dmrt1,246,
7831,dmrt1,248,
7846,dmrt1,263,
7854,dmrt1,271,
7880,dmrt1,297,
8390,dmrt1,807,
8442,dmrt1,859,
8485,dmrt1,902,
8497,dmrt1,914,
8560,dmrt1,977,
8568,dmrt1,985,
8576,dmrt1,993,
8608,dmrt1,1025,
8636,dmrt1,1053,
8830,dmrt1,1247,
9070,dmrt1,1487,
9182,dmrt1,1599,
9206,dmrt1,1623,
9293,dmrt1,1710,
9337,dmrt1,1754,
9401,dmrt1,1818,
9533,dmrt1,1950,
9823,dmrt1,2240,
9913,dmrt1,2330,
10111,dmrt1,2528,
10127,dmrt1,2544,
10158,dmrt1,2575,
10184,dmrt1,2601,
10255,dmrt1,2672,
10276,dmrt1,2693,
10359,dmrt1,2776,
10455,dmrt1,2872,
10614,dmrt1,3031,
10735,dmrt1,3152,
10812,dmrt1,3229,
10843,dmrt1,3260,
10889,dmrt1,3306,
10913,dmrt1,3330,
10921,dmrt1,3338,
10925,dmrt1,3342,
10958,dmrt1,3375,
10978,dmrt1,3395,
11011,dmrt1,3428,
11013,dmrt1,3430,
11032,dmrt1,3449,
11063,dmrt1,3480,
11085,dmrt1,3502,
11116,dmrt1,3533,
11159,dmrt1,3576,
11347,dmrt1,3764,
11579,dmrt1,3996,
11619,dmrt1,4036,
11682,dmrt1,4099,
11692,dmrt1,4109,
11704,dmrt1,4121,
11708,dmrt1,4125,
11711,dmrt1,4128,
11714,dmrt1,4131,
11729,dmrt1,4146,
11733,dmrt1,4150,
11748,dmrt1,4165,
11751,dmrt1,4168,
11759,dmrt1,4176,
11763,dmrt1,4180,
11804,dmrt1,4221,
11809,dmrt1,4226,
11956,dmrt1,4373,
11967,dmrt1,4384,
11985,dmrt1,4402,
12513,dmrt1,4930,
12566,dmrt1,4983,
12569,dmrt1,4986,
12600,dmrt1,5017,
12614,dmrt1,5031,
12637,dmrt1,5054,
12646,dmrt1,5063,
12654,dmrt1,5071,
12677,dmrt1,5094,
12793,dmrt1,5210,
12832,dmrt1,5249,
12858,dmrt1,5275,
12893,dmrt1,5310,
12991,dmrt1,5408,
13074,dmrt1,5491,
13121,dmrt1,5538,
13142,dmrt1,5559,
13152,dmrt1,5569,
13179,dmrt1,5596,
13186,dmrt1,5603,
13263,dmrt1,5680,
13271,dmrt1,5688,
13283,dmrt1,5700,
13350,dmrt1,5767,
13734,dmrt1,6151,
13744,dmrt1,6161,
13775,dmrt1,6192,
13864,dmrt1,6281,
13882,dmrt1,6299,
13953,dmrt1,6370,
14079,dmrt1,6496,
14188,dmrt1,6605,
14197,dmrt1,6614,
14205,dmrt1,6622,
14318,dmrt1,6735,
14386,dmrt1,6803,
14465,dmrt1,6882,
14479,dmrt1,6896,
14523,dmrt1,6940,
14526,dmrt1,6943,
14539,dmrt1,6956,
14544,dmrt1,6961,
14552,dmrt1,6969,
14594,dmrt1,7011,
14914,dmrt1,7331,
15346,dmrt1,7763,
15412,dmrt1,7829,
15638,dmrt1,8055,
15772,dmrt1,8189,
15777,dmrt1,8194,
15797,dmrt1,8214,
15810,dmrt1,8227,
15843,dmrt1,8260,
15903,dmrt1,8320,
15942,dmrt1,8359,
15962,dmrt1,8379,
16013,dmrt1,8430,
16035,dmrt1,8452,
16241,dmrt1,8658,
16260,dmrt1,8677,
16321,dmrt1,8738,
16336,dmrt1,8753,
16596,dmrt1,9013,
16620,dmrt1,9037,
16706,dmrt1,9123,
16768,dmrt1,9185,
16795,dmrt1,9212,
16930,dmrt1,9347,
17020,dmrt1,9437,
17213,dmrt1,9630,
17267,dmrt1,9684,
17383,dmrt1,9800,
17427,dmrt1,9844,
17430,dmrt1,9847,
17433,dmrt1,9850,
17451,dmrt1,9868,
17555,dmrt1,9972,
17580,dmrt1,9997,
17587,dmrt1,10004,
17641,dmrt1,10058,
17649,dmrt1,10066,
17674,dmrt1,10091,
17706,dmrt1,10123,
17709,dmrt1,10126,
17835,dmrt1,10252,
18104,dmrt1,10521,
18175,dmrt1,10592,
18240,dmrt1,10657,
18263,dmrt1,10680,
18406,dmrt1,10823,
18416,dmrt1,10833,
18430,dmrt1,10847,
18441,dmrt1,10858,
18467,dmrt1,10884,
18723,dmrt1,11140,
18765,dmrt1,11182,
18913,dmrt1,11330,
18936,dmrt1,11353,
18943,dmrt1,11360,
18951,dmrt1,11368,
18960,dmrt1,11377,
18976,dmrt1,11393,
19347,dmrt1,11764,
19368,dmrt1,11785,
19380,dmrt1,11797,
19509,dmrt1,11926,
19514,dmrt1,11931,
19604,dmrt1,12021,
19639,dmrt1,12056,
19647,dmrt1,12064,
19651,dmrt1,12068,
19845,dmrt1,12262,
20011,dmrt1,12428,
20041,dmrt1,12458,
20112,dmrt1,12529,
20231,dmrt1,12648,
20340,dmrt1,12757,
20381,dmrt1,12798,
20605,dmrt1,13022,
20651,dmrt1,13068,
20684,dmrt1,13101,
20726,dmrt1,13143,
20767,dmrt1,13184,
20837,dmrt1,13254,
20850,dmrt1,13267,
21023,dmrt1,13440,
21089,dmrt1,13506,
21158,dmrt1,13575,
21170,dmrt1,13587,
21178,dmrt1,13595,
21183,dmrt1,13600,
21214,dmrt1,13631,
21226,dmrt1,13643,
21331,dmrt1,13748,
21422,dmrt1,13839,
21547,dmrt1,13964,
21772,dmrt1,14189,
21866,dmrt1,14283,
21884,dmrt1,14301,
21886,dmrt1,14303,
21900,dmrt1,14317,
21953,dmrt1,14370,
22101,dmrt1,14518,
22178,dmrt1,14595,
22214,dmrt1,14631,
22244,dmrt1,14661,
22265,dmrt1,14682,
22269,dmrt1,14686,
22347,dmrt1,14764,
22366,dmrt1,14783,
22457,dmrt1,14874,
22500,dmrt1,14917,
22592,dmrt1,15009,
22807,dmrt1,15224,
22951,dmrt1,15368,
23122,dmrt1,15539,
23136,dmrt1,15553,
23165,dmrt1,15582,
23181,dmrt1,15598,
23199,dmrt1,15616,
23209,dmrt1,15626,
23219,dmrt1,15636,
23221,dmrt1,15638,
23245,dmrt1,15662,
23269,dmrt1,15686,
23353,dmrt1,15770,
23404,dmrt1,15821,
23418,dmrt1,15835,
23429,dmrt1,15846,
23438,dmrt1,15855,
23466,dmrt1,15883,
23509,dmrt1,15926,
23523,dmrt1,15940,
23528,dmrt1,15945,
23531,dmrt1,15948,
23536,dmrt1,15953,
23540,dmrt1,15957,
23558,dmrt1,15975,
23599,dmrt1,16016,
23605,dmrt1,16022,
23609,dmrt1,16026,
23626,dmrt1,16043,
23628,dmrt1,16045,
23632,dmrt1,16049,
23644,dmrt1,16061,
23647,dmrt1,16064,
23650,dmrt1,16067,
23657,dmrt1,16074,
23660,dmrt1,16077,
23664,dmrt1,16081,
23677,dmrt1,16094,
23706,dmrt1,16123,
23803,dmrt1,16220,
23831,dmrt1,16248,
23896,dmrt1,16313,
23901,dmrt1,16318,
24116,dmrt1,16533,
24120,dmrt1,16537,
24123,dmrt1,16540,
24139,dmrt1,16556,
24177,dmrt1,16594,
24238,dmrt1,16655,
24354,dmrt1,16771,
24368,dmrt1,16785,
24419,dmrt1,16836,
24434,dmrt1,16851,
24455,dmrt1,16872,
24578,dmrt1,16995,
24599,dmrt1,17016,
24671,dmrt1,17088,
24685,dmrt1,17102,
24808,dmrt1,17225,
24904,dmrt1,17321,
25056,dmrt1,17473,
25064,dmrt1,17481,
25162,dmrt1,17579,
25320,dmrt1,17737,
25390,dmrt1,17807,
25428,dmrt1,17845,
25435,dmrt1,17852,
25523,dmrt1,17940,
25542,dmrt1,17959,
25831,dmrt1,18248,
25860,dmrt1,18277,
25949,dmrt1,18366,
26146,dmrt1,18563,
26176,dmrt1,18593,
26205,dmrt1,18622,
26301,dmrt1,18718,
26345,dmrt1,18762,
26363,dmrt1,18780,
26663,dmrt1,19080,
26941,dmrt1,19358,
26991,dmrt1,19408,
27001,dmrt1,19418,
27043,dmrt1,19460,
27045,dmrt1,19462,
27061,dmrt1,19478,
27074,dmrt1,19491,
27124,dmrt1,19541,
27159,dmrt1,19576,
27168,dmrt1,19585,
27238,dmrt1,19655,
27266,dmrt1,19683,
27285,dmrt1,19702,
27298,dmrt1,19715,
27303,dmrt1,19720,
27337,dmrt1,19754,
27340,dmrt1,19757,
27362,dmrt1,19779,
27407,dmrt1,19824,
27446,dmrt1,19863,
27454,dmrt1,19871,
27470,dmrt1,19887,
27534,dmrt1,19951,
27561,dmrt1,19978,
27646,dmrt1,20063,
27669,dmrt1,20086,
27729,dmrt1,20146,
27870,dmrt1,20287,
27918,dmrt1,20335,
27920,dmrt1,20337,
27949,dmrt1,20366,
27963,dmrt1,20380,
28009,dmrt1,20426,
28131,dmrt1,20548,
28135,dmrt1,20552,
28142,dmrt1,20559,
28271,dmrt1,20688,
28313,dmrt1,20730,
28321,dmrt1,20738,
28530,dmrt1,20947,
28642,dmrt1,21059,
28876,dmrt1,21293,
28885,dmrt1,21302,
28903,dmrt1,21320,
28922,dmrt1,21339,
28968,dmrt1,21385,
28988,dmrt1,21405,
29091,dmrt1,21508,
29099,dmrt1,21516,
29282,dmrt1,21699,
29338,dmrt1,21755,
29400,dmrt1,21817,
29512,dmrt1,21929,
29546,dmrt1,21963,
29864,dmrt1,22281,
30213,dmrt1,22630,
30553,dmrt1,22970,
30635,dmrt1,23052,
30686,dmrt1,23103,
30711,dmrt1,23128,
30820,dmrt1,23237,
30834,dmrt1,23251,
30841,dmrt1,23258,
30918,dmrt1,23335,
30956,dmrt1,23373,
30984,dmrt1,23401,
31006,dmrt1,23423,
31020,dmrt1,23437,
31025,dmrt1,23442,
31037,dmrt1,23454,
31053,dmrt1,23470,
31135,dmrt1,23552,
31152,dmrt1,23569,
31183,dmrt1,23600,
31204,dmrt1,23621,
31244,dmrt1,23661,
31260,dmrt1,23677,
31413,dmrt1,23830,
31431,dmrt1,23848,
31480,dmrt1,23897,
31670,dmrt1,24087,
31792,dmrt1,24209,
31865,dmrt1,24282,
31997,dmrt1,24414,
32037,dmrt1,24454,
32055,dmrt1,24472,
32404,dmrt1,24821,
32420,dmrt1,24837,
32904,dmrt1,25321,
32960,dmrt1,25377,
33214,dmrt1,25631,
33235,dmrt1,25652,
33247,dmrt1,25664,
33362,dmrt1,25779,
33405,dmrt1,25822,
33430,dmrt1,25847,
33506,dmrt1,25923,
33566,dmrt1,25983,
33578,dmrt1,25995,
33601,dmrt1,26018,
33604,dmrt1,26021,
33624,dmrt1,26041,
33897,dmrt1,26314,
33977,dmrt1,26394,
33981,dmrt1,26398,
34008,dmrt1,26425,
34030,dmrt1,26447,
34094,dmrt1,26511,
34160,dmrt1,26577,
34205,dmrt1,26622,
34211,dmrt1,26628,
34231,dmrt1,26648,
34240,dmrt1,26657,
34257,dmrt1,26674,
34368,dmrt1,26785,
34375,dmrt1,26792,
34426,dmrt1,26843,
34430,dmrt1,26847,
34438,dmrt1,26855,
34463,dmrt1,26880,
34553,dmrt1,26970,
34559,dmrt1,26976,
34639,dmrt1,27056,
34711,dmrt1,27128,
34757,dmrt1,27174,
34779,dmrt1,27196,
34812,dmrt1,27229,
34842,dmrt1,27259,
34930,dmrt1,27347,
34934,dmrt1,27351,
34936,dmrt1,27353,
34979,dmrt1,27396,
35036,dmrt1,27453,
35085,dmrt1,27502,
35090,dmrt1,27507,
35149,dmrt1,27566,dmrt1_E5
35155,dmrt1,27572,dmrt1_E5
35174,dmrt1,27591,dmrt1_E5
35186,dmrt1,27603,dmrt1_E5
35225,dmrt1,27642,dmrt1_E5
35234,dmrt1,27651,dmrt1_E5
35240,dmrt1,27657,dmrt1_E5
35246,dmrt1,27663,dmrt1_E5
35249,dmrt1,27666,dmrt1_E5
35252,dmrt1,27669,dmrt1_E5
35270,dmrt1,27687,dmrt1_E5
35276,dmrt1,27693,dmrt1_E5
35279,dmrt1,27696,dmrt1_E5
35282,dmrt1,27699,dmrt1_E5
35374,dmrt1,27791,
35414,dmrt1,27831,
35621,dmrt1,28038,
35698,dmrt1,28115,
35705,dmrt1,28122,
36038,esr1,-359,
36326,esr1,-71,esr1_PE1
36356,esr1,-41,esr1_PE1
36361,esr1,-36,esr1_PE1
36368,esr1,-29,esr1_PE1
36377,esr1,-20,esr1_PE1
36379,esr1,-18,esr1_PE1
36405,esr1,8,esr1_PE1
36415,esr1,18,esr1_PE1
36458,esr1,61,
36462,esr1,65,
36471,esr1,74,
36488,esr1,91,
36543,esr1,146,
36582,esr1,185,
36622,esr1,225,
36644,esr1,247,
36681,esr1,284,
36776,esr1,379,
36781,esr1,384,
37171,esr1,774,
37334,esr1,937,
37358,esr1,961,
37593,esr1,1196,
37709,esr1,1312,
37714,esr1,1317,
37779,esr1,1382,
37790,esr1,1393,
37823,esr1,1426,
38150,esr1,1753,
38287,esr1,1890,
38414,esr1,2017,
38445,esr1,2048,
38698,esr1,2301,
38739,esr1,2342,
38992,esr1,2595,
39016,esr1,2619,
39413,esr1,3016,
39620,esr1,3223,
39629,esr1,3232,
39635,esr1,3238,
39644,esr1,3247,
39647,esr1,3250,
39656,esr1,3259,
39659,esr1,3262,
39783,esr1,3386,
39787,esr1,3390,
40002,esr1,3605,
40017,esr1,3620,
40088,esr1,3691,
40925,esr1,4528,
40982,esr1,4585,
41133,esr1,4736,
41211,esr1,4814,
41332,esr1,4935,
41539,esr1,5142,
41657,esr1,5260,
41683,esr1,5286,
41854,esr1,5457,
41921,esr1,5524,
41974,esr1,5577,
42035,esr1,5638,
42138,esr1,5741,
42312,esr1,5915,
42324,esr1,5927,
42363,esr1,5966,
42609,esr1,6212,
42652,esr1,6255,
42737,esr1,6340,
42763,esr1,6366,
42800,esr1,6403,
42895,esr1,6498,
42968,esr1,6571,
42971,esr1,6574,
43017,esr1,6620,
43023,esr1,6626,
43184,esr1,6787,
43393,esr1,6996,
43597,esr1,7200,
43854,esr1,7457,
43886,esr1,7489,
43890,esr1,7493,
43945,esr1,7548,
44573,esr1,8176,
44672,esr1,8275,
44703,esr1,8306,
44712,esr1,8315,
44736,esr1,8339,
44801,esr1,8404,
44813,esr1,8416,
44831,esr1,8434,
44851,esr1,8454,
44881,esr1,8484,
44886,esr1,8489,
44891,esr1,8494,
45000,esr1,8603,
45022,esr1,8625,
45026,esr1,8629,
45127,esr1,8730,
45557,foxl2,-452,
45626,foxl2,-383,
45632,foxl2,-377,
45645,foxl2,-364,
45656,foxl2,-353,
45666,foxl2,-343,
45669,foxl2,-340,
45769,foxl2,-240,foxl2_P
45802,foxl2,-207,foxl2_P
45866,foxl2,-143,foxl2_P
45868,foxl2,-141,foxl2_P
45894,foxl2,-115,foxl2_P
45896,foxl2,-113,foxl2_P
45906,foxl2,-103,foxl2_P
45936,foxl2,-73,foxl2_P
45948,foxl2,-61,foxl2_P
46005,foxl2,-4,
46031,foxl2,22,foxl2_E1pt1
46041,foxl2,32,foxl2_E1pt1
46062,foxl2,53,foxl2_E1pt1
46090,foxl2,81,foxl2_E1pt1
46106,foxl2,97,foxl2_E1pt1
46124,foxl2,115,foxl2_E1pt1
46133,foxl2,124,foxl2_E1pt1
46139,foxl2,130,foxl2_E1pt1
46154,foxl2,145,foxl2_E1pt1
46164,foxl2,155,foxl2_E1pt1
46167,foxl2,158,foxl2_E1pt1
46189,foxl2,180,foxl2_E1pt1
46200,foxl2,191,foxl2_E1pt1
46207,foxl2,198,foxl2_E1pt1
46334,foxl2,325,
46336,foxl2,327,
46344,foxl2,335,
46377,foxl2,368,
46423,foxl2,414,foxl2_E1pt2
46426,foxl2,417,foxl2_E1pt2
46438,foxl2,429,foxl2_E1pt2
46442,foxl2,433,foxl2_E1pt2
46457,foxl2,448,foxl2_E1pt2
46460,foxl2,451,foxl2_E1pt2
46472,foxl2,463,foxl2_E1pt2
46488,foxl2,479,foxl2_E1pt2
46497,foxl2,488,foxl2_E1pt2
46503,foxl2,494,foxl2_E1pt2
46559,foxl2,550,foxl2_E1pt2
46571,foxl2,562,foxl2_E1pt2
46580,foxl2,571,foxl2_E1pt2
46592,foxl2,583,foxl2_E1pt2
46611,foxl2,602,foxl2_E1pt2
46617,foxl2,608,foxl2_E1pt2
46632,foxl2,623,foxl2_E1pt2
46649,foxl2,640,foxl2_E1pt2
46691,foxl2,682,
46719,foxl2,710,
46743,foxl2,734,
46745,foxl2,736,
46775,foxl2,766,
46782,foxl2,773,
46784,foxl2,775,
46790,foxl2,781,
46796,foxl2,787,
46812,foxl2,803,
46817,foxl2,808,
46830,foxl2,821,
46840,foxl2,831,
46848,foxl2,839,
46850,foxl2,841,
46887,foxl2,878,
46901,foxl2,892,
46904,foxl2,895,
46913,foxl2,904,
47032,foxl2,1023,
47058,foxl2,1049,
47067,foxl2,1058,
47082,foxl2,1073,
47084,foxl2,1075,
47088,foxl2,1079,
47123,foxl2,1114,
47180,foxl2,1171,
47184,foxl2,1175,
47251,foxl2,1242,
47264,foxl2,1255,
47299,foxl2,1290,
47322,foxl2,1313,
47326,foxl2,1317,
47462,nr5a2,-468,
47510,nr5a2,-420,nr5a2_P
47564,nr5a2,-366,nr5a2_P
47572,nr5a2,-358,nr5a2_P
47602,nr5a2,-328,nr5a2_P
47657,nr5a2,-273,nr5a2_P
47661,nr5a2,-269,nr5a2_P
47696,nr5a2,-234,nr5a2_P
47720,nr5a2,-210,nr5a2_P
47728,nr5a2,-202,nr5a2_P
47731,nr5a2,-199,nr5a2_P
47805,nr5a2,-125,
47808,nr5a2,-122,
47810,nr5a2,-120,
47820,nr5a2,-110,
47900,nr5a2,-30,nr5a2_PE1
47911,nr5a2,-19,nr5a2_PE1
47950,nr5a2,20,nr5a2_PE1
47962,nr5a2,32,nr5a2_PE1
47974,nr5a2,44,nr5a2_PE1
47980,nr5a2,50,nr5a2_PE1
48007,nr5a2,77,nr5a2_PE1
48022,nr5a2,92,nr5a2_PE1
48104,nr5a2,174,
48128,nr5a2,198,
48557,nr5a2,627,
48825,nr5a2,895,
48977,nr5a2,1047,
48999,nr5a2,1069,
49017,nr5a2,1087,
49214,nr5a2,1284,
49217,nr5a2,1287,
49319,nr5a2,1389,
49359,nr5a2,1429,
49428,nr5a2,1498,
49476,nr5a2,1546,
49583,nr5a2,1653,
49648,nr5a2,1718,
49783,nr5a2,1853,
49796,nr5a2,1866,
49798,nr5a2,1868,
49831,nr5a2,1901,
49913,nr5a2,1983,
49923,nr5a2,1993,
49928,nr5a2,1998,
50003,nr5a2,2073,
50034,nr5a2,2104,
50154,nr5a2,2224,
50175,nr5a2,2245,
50203,nr5a2,2273,
50335,nr5a2,2405,
50348,nr5a2,2418,
50387,nr5a2,2457,
50539,nr5a2,2609,
50690,nr5a2,2760,
50693,nr5a2,2763,
50931,nr5a2,3001,
50945,nr5a2,3015,
50992,nr5a2,3062,
51070,nr5a2,3140,
51129,nr5a2,3199,
51140,nr5a2,3210,
51247,nr5a2,3317,
51324,nr5a2,3394,
51344,nr5a2,3414,
51409,nr5a2,3479,
51943,nr5a2,4013,
51962,nr5a2,4032,
51979,nr5a2,4049,
51984,nr5a2,4054,
52000,nr5a2,4070,
52054,nr5a2,4124,
52069,nr5a2,4139,
52089,nr5a2,4159,
52092,nr5a2,4162,
52186,nr5a2,4256,
52277,nr5a2,4347,
52416,nr5a2,4486,
52601,nr5a2,4671,
53470,nr5a2,5540,
53592,nr5a2,5662,
53600,nr5a2,5670,
53628,nr5a2,5698,
53637,nr5a2,5707,
53661,nr5a2,5731,
53686,nr5a2,5756,
53708,nr5a2,5778,
54142,nr5a2,6212,
54175,nr5a2,6245,
54192,nr5a2,6262,
54216,nr5a2,6286,
54236,nr5a2,6306,
54256,nr5a2,6326,
54271,nr5a2,6341,
54282,nr5a2,6352,
54294,nr5a2,6364,
54325,nr5a2,6395,
54384,nr5a2,6454,
54623,nr5a2,6693,
54934,nr5a2,7004,
54970,nr5a2,7040,
55133,nr5a2,7203,
55317,nr5a2,7387,
55500,nr5a2,7570,
55535,nr5a2,7605,
55714,nr5a2,7784,
55727,nr5a2,7797,
55732,nr5a2,7802,
55747,nr5a2,7817,
55785,nr5a2,7855,
55861,nr5a2,7931,
55899,nr5a2,7969,
55919,nr5a2,7989,
55922,nr5a2,7992,
55976,nr5a2,8046,
56209,nr5a2,8279,
56413,nr5a2,8483,
56423,nr5a2,8493,
56612,nr5a2,8682,
56618,nr5a2,8688,
56630,nr5a2,8700,
56638,nr5a2,8708,
56669,nr5a2,8739,
56671,nr5a2,8741,
56689,nr5a2,8759,
56692,nr5a2,8762,
56696,nr5a2,8766,
56715,nr5a2,8785,
56717,nr5a2,8787,
56719,nr5a2,8789,
56767,nr5a2,8837,
56852,nr5a2,8922,
56855,nr5a2,8925,
56905,nr5a2,8975,
56960,nr5a2,9030,
56980,nr5a2,9050,
57051,nr5a2,9121,
57106,nr5a2,9176,
57307,nr5a2,9377,
57356,nr5a2,9426,
57440,nr5a2,9510,
57569,nr5a2,9639,
57718,nr5a2,9788,
57740,nr5a2,9810,
57779,nr5a2,9849,
57928,nr5a2,9998,
58005,nr5a2,10075,
58085,nr5a2,10155,
58118,nr5a2,10188,
58151,nr5a2,10221,
58169,nr5a2,10239,
58275,nr5a2,10345,
58296,nr5a2,10366,
58335,nr5a2,10405,
58339,nr5a2,10409,
58358,nr5a2,10428,
58575,nr5a2,10645,
58683,nr5a2,10753,
58943,nr5a2,11013,
58947,nr5a2,11017,
58955,nr5a2,11025,
58962,nr5a2,11032,
58967,nr5a2,11037,
58974,nr5a2,11044,
58981,nr5a2,11051,
59023,nr5a2,11093,
59030,nr5a2,11100,
59070,nr5a2,11140,
59092,nr5a2,11162,
59138,nr5a2,11208,
59149,nr5a2,11219,
59552,nr5a2,11622,
59629,nr5a2,11699,
59763,nr5a2,11833,
59792,nr5a2,11862,
59806,nr5a2,11876,
59940,nr5a2,12010,
59944,nr5a2,12014,
59949,nr5a2,12019,
59955,nr5a2,12025,
59960,nr5a2,12030,
59964,nr5a2,12034,
59975,nr5a2,12045,
59991,nr5a2,12061,
59997,nr5a2,12067,
60030,nr5a2,12100,
60050,nr5a2,12120,
60077,nr5a2,12147,
60086,nr5a2,12156,
60124,nr5a2,12194,
60128,nr5a2,12198,
60158,nr5a2,12228,
60203,nr5a2,12273,
60209,nr5a2,12279,
60230,nr5a2,12300,
60234,nr5a2,12304,
60253,nr5a2,12323,
60256,nr5a2,12326,
60268,nr5a2,12338,
60274,nr5a2,12344,
60277,nr5a2,12347,
60281,nr5a2,12351,
60284,nr5a2,12354,
60307,nr5a2,12377,
60314,nr5a2,12384,
60331,nr5a2,12401,
60333,nr5a2,12403,
60373,nr5a2,12443,
60395,nr5a2,12465,
60401,nr5a2,12471,
60418,nr5a2,12488,
60427,nr5a2,12497,
60472,nr5a2,12542,
60476,nr5a2,12546,
60531,nr5a2,12601,
60581,nr5a2,12651,
60589,nr5a2,12659,
60615,nr5a2,12685,
60633,nr5a2,12703,
60663,nr5a2,12733,
60755,nr5a2,12825,
60983,nr5a2,13053,
61186,nr5a2,13256,
61219,nr5a2,13289,
61485,nr5a2,13555,
61521,nr5a2,13591,
61576,nr5a2,13646,
61616,nr5a2,13686,
61628,nr5a2,13698,
61664,nr5a2,13734,
61695,nr5a2,13765,
61698,nr5a2,13768,
61703,nr5a2,13773,
61715,nr5a2,13785,
61734,nr5a2,13804,
61740,nr5a2,13810,
61863,nr5a2,13933,
61882,nr5a2,13952,
61884,nr5a2,13954,
61910,nr5a2,13980,
61947,nr5a2,14017,
61953,nr5a2,14023,
62073,nr5a2,14143,
62104,nr5a2,14174,
62223,nr5a2,14293,
62312,nr5a2,14382,
62804,nr5a2,14874,
62830,nr5a2,14900,
62974,nr5a2,15044,
63083,nr5a2,15153,
63167,nr5a2,15237,
63172,nr5a2,15242,
63235,nr5a2,15305,
63238,nr5a2,15308,
63364,nr5a2,15434,
63451,nr5a2,15521,
63499,nr5a2,15569,
63505,nr5a2,15575,
63571,nr5a2,15641,
63579,nr5a2,15649,
63623,nr5a2,15693,
63682,nr5a2,15752,
63718,nr5a2,15788,
63845,nr5a2,15915,
63984,nr5a2,16054,
64489,nr5a2,16559,
64553,nr5a2,16623,
64799,nr5a2,16869,
64999,nr5a2,17069,
65078,nr5a2,17148,
65553,nr5a2,17623,
65555,nr5a2,17625,
65559,nr5a2,17629,
65640,nr5a2,17710,
65676,nr5a2,17746,
65680,nr5a2,17750,
65800,nr5a2,17870,
65818,nr5a2,17888,
66110,nr5a2,18180,
66342,nr5a2,18412,
66353,nr5a2,18423,
66533,nr5a2,18603,
66571,nr5a2,18641,
66576,nr5a2,18646,
66594,nr5a2,18664,
66886,nr5a2,18956,
66906,nr5a2,18976,
66951,nr5a2,19021,
67015,nr5a2,19085,
67476,nr5a2,19546,
67502,nr5a2,19572,
67515,nr5a2,19585,
67523,nr5a2,19593,
67536,nr5a2,19606,
67564,nr5a2,19634,
67570,nr5a2,19640,
67648,nr5a2,19718,
67667,nr5a2,19737,
67771,nr5a2,19841,
67952,nr5a2,20022,
67997,nr5a2,20067,
68057,nr5a2,20127,
68065,nr5a2,20135,
68179,nr5a2,20249,
68244,nr5a2,20314,
68248,nr5a2,20318,
68262,nr5a2,20332,
68266,nr5a2,20336,
68270,nr5a2,20340,
68325,nr5a2,20395,
68420,nr5a2,20490,
68753,nr5a2,20823,
68775,nr5a2,20845,
68823,nr5a2,20893,
68833,nr5a2,20903,
69066,nr5a2,21136,
69076,nr5a2,21146,
69083,nr5a2,21153,
69135,nr5a2,21205,
69328,nr5a2,21398,
69363,nr5a2,21433,
69548,nr5a2,21618,
69675,nr5a2,21745,
69770,nr5a2,21840,
69869,nr5a2,21939,
69984,nr5a2,22054,
70036,nr5a2,22106,
70059,nr5a2,22129,
70138,nr5a2,22208,
70172,nr5a2,22242,
70176,nr5a2,22246,
70253,nr5a2,22323,
70280,nr5a2,22350,
70312,nr5a2,22382,
70373,nr5a2,22443,
70393,nr5a2,22463,
70417,nr5a2,22487,
70492,nr5a2,22562,
70607,nr5a2,22677,
70672,nr5a2,22742,
70734,nr5a2,22804,
70848,nr5a2,22918,
70865,nr5a2,22935,
70881,nr5a2,22951,
70885,nr5a2,22955,
70908,nr5a2,22978,
70964,nr5a2,23034,
70966,nr5a2,23036,
70993,nr5a2,23063,
71002,nr5a2,23072,
71152,nr5a2,23222,
71157,nr5a2,23227,
71179,nr5a2,23249,
71204,nr5a2,23274,
71387,nr5a2,23457,
71408,nr5a2,23478,
71412,nr5a2,23482,
71417,nr5a2,23487,
71439,nr5a2,23509,
71449,nr5a2,23519,
71503,nr5a2,23573,
71534,nr5a2,23604,
71561,nr5a2,23631,
71636,nr5a2,23706,
71909,nr5a2,23979,
72199,nr5a2,24269,
72207,nr5a2,24277,
72265,nr5a2,24335,
72271,nr5a2,24341,
72277,nr5a2,24347,
72435,nr5a2,24505,
72446,nr5a2,24516,
72491,nr5a2,24561,
72523,nr5a2,24593,
72569,nr5a2,24639,
72572,nr5a2,24642,
72595,nr5a2,24665,
72599,nr5a2,24669,
72609,nr5a2,24679,
72618,nr5a2,24688,
72637,nr5a2,24707,
72685,nr5a2,24755,
72826,nr5a2,24896,
72848,nr5a2,24918,
72893,nr5a2,24963,
72924,nr5a2,24994,
72940,nr5a2,25010,
72993,nr5a2,25063,
73041,nr5a2,25111,
73050,nr5a2,25120,
73122,nr5a2,25192,
73157,nr5a2,25227,
73187,nr5a2,25257,
73214,nr5a2,25284,
73224,nr5a2,25294,
73250,nr5a2,25320,
73299,nr5a2,25369,
73318,nr5a2,25388,
73321,nr5a2,25391,
73326,nr5a2,25396,
73338,nr5a2,25408,
73380,nr5a2,25450,
73468,nr5a2,25538,
73542,nr5a2,25612,
73599,nr5a2,25669,
73640,nr5a2,25710,
73664,nr5a2,25734,
73678,nr5a2,25748,
73774,nr5a2,25844,
73782,nr5a2,25852,
73805,nr5a2,25875,
73988,nr5a2,26058,
74103,nr5a2,26173,
74144,nr5a2,26214,
74165,nr5a2,26235,
74196,nr5a2,26266,
74220,nr5a2,26290,
74324,nr5a2,26394,
74360,nr5a2,26430,
74444,nr5a2,26514,
74514,nr5a2,26584,
74584,nr5a2,26654,
74676,nr5a2,26746,
74680,nr5a2,26750,
75032,nr5a2,27102,
75074,nr5a2,27144,
75148,nr5a2,27218,
75251,nr5a2,27321,
75287,nr5a2,27357,
75293,nr5a2,27363,
75401,nr5a2,27471,
75431,nr5a2,27501,
75485,nr5a2,27555,
75604,nr5a2,27674,
75615,nr5a2,27685,
75631,nr5a2,27701,
75669,nr5a2,27739,
75759,nr5a2,27829,
75841,nr5a2,27911,
75889,nr5a2,27959,
75906,nr5a2,27976,
75948,nr5a2,28018,
75957,nr5a2,28027,
75978,nr5a2,28048,
75986,nr5a2,28056,
76002,nr5a2,28072,
76084,nr5a2,28154,
76196,nr5a2,28266,
76250,nr5a2,28320,
76428,nr5a2,28498,
76496,nr5a2,28566,
76513,nr5a2,28583,
76556,nr5a2,28626,
76585,nr5a2,28655,
76587,nr5a2,28657,
76795,nr5a2,28865,
76858,nr5a2,28928,
77279,nr5a2,29349,
77328,nr5a2,29398,
77917,nr5a2,29987,
77984,nr5a2,30054,
78093,nr5a2,30163,
78134,nr5a2,30204,
78180,nr5a2,30250,
78243,nr5a2,30313,
78246,nr5a2,30316,
78286,nr5a2,30356,
78393,nr5a2,30463,
78450,nr5a2,30520,
78487,nr5a2,30557,
78550,nr5a2,30620,
78561,nr5a2,30631,
78585,nr5a2,30655,
78900,nr5a2,30970,
78917,nr5a2,30987,
78940,nr5a2,31010,
79001,nr5a2,31071,
79048,nr5a2,31118,
79092,nr5a2,31162,
79165,nr5a2,31235,
79187,nr5a2,31257,
79356,nr5a2,31426,
79369,nr5a2,31439,
79374,nr5a2,31444,
79378,nr5a2,31448,
79395,nr5a2,31465,
79415,nr5a2,31485,
79674,nr5a2,31744,
79757,nr5a2,31827,
79766,nr5a2,31836,
79783,nr5a2,31853,
79791,nr5a2,31861,
79882,nr5a2,31952,
80061,nr5a2,32131,
80075,nr5a2,32145,
80199,nr5a2,32269,
80515,nr5a2,32585,
80550,nr5a2,32620,
80823,nr5a2,32893,
80898,nr5a2,32968,
81036,nr5a2,33106,
81039,nr5a2,33109,
81102,nr5a2,33172,
81107,nr5a2,33177,
81118,nr5a2,33188,
81159,nr5a2,33229,
81164,nr5a2,33234,
81185,nr5a2,33255,
81205,nr5a2,33275,
81209,nr5a2,33279,
81217,nr5a2,33287,
81253,nr5a2,33323,
81270,nr5a2,33340,
81289,nr5a2,33359,
81392,nr5a2,33462,
81408,nr5a2,33478,
81461,nr5a2,33531,
81522,nr5a2,33592,
81621,nr5a2,33691,
81632,nr5a2,33702,
81637,nr5a2,33707,
81848,nr5a2,33918,
82060,nr5a2,34130,
82114,nr5a2,34184,
82233,nr5a2,34303,
82240,nr5a2,34310,
82366,nr5a2,34436,
82388,nr5a2,34458,
82432,nr5a2,34502,
82466,nr5a2,34536,
82472,nr5a2,34542,
82479,nr5a2,34549,
82488,nr5a2,34558,
82532,nr5a2,34602,
82538,nr5a2,34608,
82678,nr5a2,34748,
82764,nr5a2,34834,
82818,nr5a2,34888,
82829,nr5a2,34899,
82941,nr5a2,35011,
83048,nr5a2,35118,
83055,nr5a2,35125,
83071,nr5a2,35141,
83401,nr5a2,35471,
83476,nr5a2,35546,
83488,nr5a2,35558,
83516,nr5a2,35586,
83740,nr5a2,35810,
83747,nr5a2,35817,
83903,nr5a2,35973,
84086,nr5a2,36156,
84323,nr5a2,36393,
84358,nr5a2,36428,
84374,nr5a2,36444,
84436,nr5a2,36506,
84503,nr5a2,36573,
84924,nr5a2,36994,
85025,nr5a2,37095,
85029,nr5a2,37099,
85364,nr5a2,37434,
85383,nr5a2,37453,
85402,nr5a2,37472,
85410,nr5a2,37480,
85469,nr5a2,37539,
85988,nr5a2,38058,
86482,nr5a2,38552,
86667,nr5a2,38737,
86684,nr5a2,38754,
86814,nr5a2,38884,
86848,nr5a2,38918,
86856,nr5a2,38926,
86869,nr5a2,38939,
86950,nr5a2,39020,
87006,nr5a2,39076,
87213,nr5a2,39283,
87372,nr5a2,39442,
87394,nr5a2,39464,
87587,nr5a2,39657,
87632,nr5a2,39702,
87681,nr5a2,39751,
87702,nr5a2,39772,
87722,nr5a2,39792,
87933,nr5a2,40003,
87968,nr5a2,40038,
88060,nr5a2,40130,
88094,nr5a2,40164,
88100,nr5a2,40170,
88387,nr5a2,40457,
88396,nr5a2,40466,
88427,nr5a2,40497,
88452,nr5a2,40522,
88473,nr5a2,40543,
88813,nr5a2,40883,
88815,nr5a2,40885,
88835,nr5a2,40905,
88844,nr5a2,40914,
88899,nr5a2,40969,
89327,nr5a2,41397,
89360,nr5a2,41430,
89415,nr5a2,41485,
89448,nr5a2,41518,
89592,nr5a2,41662,
89934,nr5a2,42004,
90050,nr5a2,42120,
90068,nr5a2,42138,
90087,nr5a2,42157,
90104,nr5a2,42174,
90187,nr5a2,42257,
90193,nr5a2,42263,
90210,nr5a2,42280,
90213,nr5a2,42283,
90220,nr5a2,42290,
90242,nr5a2,42312,
90251,nr5a2,42321,
90254,nr5a2,42324,
90345,nr5a2,42415,
90353,nr5a2,42423,
90803,nr5a2,42873,
90937,nr5a2,43007,
91021,nr5a2,43091,
91053,nr5a2,43123,
91367,nr5a2,43437,
91883,nr5a2,43953,
92024,nr5a2,44094,
92323,nr5a2,44393,
92385,nr5a2,44455,
92502,nr5a2,44572,
92525,nr5a2,44595,
92563,nr5a2,44633,
92727,nr5a2,44797,
92845,nr5a2,44915,
93073,nr5a2,45143,
93197,nr5a2,45267,
93255,nr5a2,45325,
93304,nr5a2,45374,
93376,nr5a2,45446,
93671,nr5a2,45741,
93697,nr5a2,45767,
93737,nr5a2,45807,
93782,nr5a2,45852,
93945,nr5a2,46015,
93987,nr5a2,46057,
94068,nr5a2,46138,
94084,nr5a2,46154,
94088,nr5a2,46158,
94112,nr5a2,46182,
94115,nr5a2,46185,
94185,nr5a2,46255,
94370,nr5a2,46440,
94418,nr5a2,46488,
94480,nr5a2,46550,
94518,nr5a2,46588,
94880,nr5a2,46950,
95015,nr5a2,47085,
95019,nr5a2,47089,
95194,nr5a2,47264,
95367,nr5a2,47437,
95375,nr5a2,47445,
95388,nr5a2,47458,
95501,nr5a2,47571,
95649,nr5a2,47719,
95656,nr5a2,47726,
95870,nr5a2,47940,
95926,nr5a2,47996,
96183,nr5a2,48253,
96411,nr5a2,48481,
96551,nr5a2,48621,
96997,nr5a2,49067,
97001,nr5a2,49071,
97041,nr5a2,49111,
97058,nr5a2,49128,
97080,nr5a2,49150,
97158,nr5a2,49228,
97183,nr5a2,49253,
97214,nr5a2,49284,
97216,nr5a2,49286,
97220,nr5a2,49290,
97225,nr5a2,49295,
97229,nr5a2,49299,
97234,nr5a2,49304,
97327,nr5a2,49397,
97461,nr5a2,49531,
97591,nr5a2,49661,
97607,nr5a2,49677,
97613,nr5a2,49683,
97621,nr5a2,49691,
97698,nr5a2,49768,
97707,nr5a2,49777,
97711,nr5a2,49781,
97746,nr5a2,49816,
97758,nr5a2,49828,
97786,nr5a2,49856,
97806,nr5a2,49876,
97842,nr5a2,49912,
97846,nr5a2,49916,
97850,nr5a2,49920,
97853,nr5a2,49923,
97887,nr5a2,49957,
97894,nr5a2,49964,
97936,nr5a2,50006,
97944,nr5a2,50014,
97987,nr5a2,50057,
98014,nr5a2,50084,
98081,nr5a2,50151,
98218,nr5a2,50288,
98228,nr5a2,50298,
98250,nr5a2,50320,
98507,nr5a2,50577,
98524,nr5a2,50594,
98533,nr5a2,50603,
98545,nr5a2,50615,
98562,nr5a2,50632,
98613,nr5a2,50683,
98639,nr5a2,50709,
98763,nr5a2,50833,
99132,nr5a2,51202,
99542,nr5a2,51612,
99614,nr5a2,51684,
99841,nr5a2,51911,
99849,nr5a2,51919,
99909,nr5a2,51979,
99912,nr5a2,51982,
99946,nr5a2,52016,
99958,nr5a2,52028,
99981,nr5a2,52051,
100019,nr5a2,52089,
100327,nr5a2,52397,
100398,nr5a2,52468,
100453,nr5a2,52523,
100508,nr5a2,52578,
100619,nr5a2,52689,
100681,nr5a2,52751,
100726,nr5a2,52796,
101093,nr5a2,53163,
101106,nr5a2,53176,
101356,nr5a2,53426,
101411,nr5a2,53481,
101606,nr5a2,53676,
101613,nr5a2,53683,
101666,nr5a2,53736,
101674,nr5a2,53744,
101845,nr5a2,53915,
101873,nr5a2,53943,
101917,nr5a2,53987,
101982,nr5a2,54052,
101986,nr5a2,54056,
102094,nr5a2,54164,
102246,nr5a2,54316,
102264,nr5a2,54334,
102320,nr5a2,54390,
102327,nr5a2,54397,
102333,nr5a2,54403,
102358,nr5a2,54428,
102648,nr5a2,54718,
102846,nr5a2,54916,
102898,nr5a2,54968,
102987,nr5a2,55057,
103068,nr5a2,55138,
103141,nr5a2,55211,
103179,nr5a2,55249,
103246,nr5a2,55316,
103260,nr5a2,55330,
103274,nr5a2,55344,
103282,nr5a2,55352,
103292,nr5a2,55362,
103310,nr5a2,55380,
103347,nr5a2,55417,
103423,nr5a2,55493,
103467,nr5a2,55537,
103515,nr5a2,55585,
103519,nr5a2,55589,
103914,nr5a2,55984,
103986,nr5a2,56056,
103991,nr5a2,56061,
104101,nr5a2,56171,
104258,nr5a2,56328,
104267,nr5a2,56337,
104278,nr5a2,56348,
104620,nr5a2,56690,
104714,nr5a2,56784,
104731,nr5a2,56801,
104741,nr5a2,56811,
104775,nr5a2,56845,
104825,nr5a2,56895,
104854,nr5a2,56924,
104860,nr5a2,56930,
104892,nr5a2,56962,
104941,nr5a2,57011,
104952,nr5a2,57022,
104970,nr5a2,57040,
105016,nr5a2,57086,
105044,nr5a2,57114,
105059,nr5a2,57129,
105096,nr5a2,57166,
105538,nr5a2,57608,
105677,nr5a2,57747,
105691,nr5a2,57761,
105695,nr5a2,57765,
105774,nr5a2,57844,
105798,nr5a2,57868,
105955,nr5a2,58025,
106035,nr5a2,58105,
106057,nr5a2,58127,
106079,nr5a2,58149,
106110,nr5a2,58180,
106114,nr5a2,58184,
106116,nr5a2,58186,
106119,nr5a2,58189,
106184,nr5a2,58254,
106260,nr5a2,58330,
106680,nr5a2,58750,
106730,nr5a2,58800,
107268,nr5a2,59338,
107838,nr5a2,59908,
108079,nr5a2,60149,
108082,nr5a2,60152,
108109,nr5a2,60179,
108510,nr5a2,60580,
108716,nr5a2,60786,
108823,nr5a2,60893,
108922,nr5a2,60992,
109218,nr5a2,61288,
109235,nr5a2,61305,
109257,nr5a2,61327,
109264,nr5a2,61334,
109651,nr5a2,61721,
109880,nr5a2,61950,
109913,nr5a2,61983,
109940,nr5a2,62010,
109945,nr5a2,62015,
109958,nr5a2,62028,
109984,nr5a2,62054,
110010,nr5a2,62080,
110025,nr5a2,62095,
110045,nr5a2,62115,
110078,nr5a2,62148,
110081,nr5a2,62151,
110166,nr5a2,62236,
110250,nr5a2,62320,
110267,nr5a2,62337,
110456,nr5a2,62526,
110539,nr5a2,62609,
110555,nr5a2,62625,
110563,nr5a2,62633,
110771,sox8,-461,
110806,sox8,-426,
110896,sox8,-336,
110900,sox8,-332,
110915,sox8,-317,
110947,sox8,-285,
110987,sox8,-245,
110991,sox8,-241,
111027,sox8,-205,
111063,sox8,-169,sox8_PE1
111105,sox8,-127,sox8_PE1
111110,sox8,-122,sox8_PE1
111114,sox8,-118,sox8_PE1
111123,sox8,-109,sox8_PE1
111128,sox8,-104,sox8_PE1
111142,sox8,-90,sox8_PE1
111144,sox8,-88,sox8_PE1
111163,sox8,-69,sox8_PE1
111183,sox8,-49,sox8_PE1
111200,sox8,-32,sox8_PE1
111214,sox8,-18,sox8_PE1
111216,sox8,-16,sox8_PE1
111267,sox8,35,sox8_PE1
111270,sox8,38,sox8_PE1
111278,sox8,46,sox8_PE1
111290,sox8,58,sox8_PE1
111296,sox8,64,sox8_PE1
111318,sox8,86,sox8_PE1
111324,sox8,92,sox8_PE1
111330,sox8,98,sox8_PE1
111338,sox8,106,sox8_PE1
111347,sox8,115,sox8_PE1
111357,sox8,125,sox8_PE1
111360,sox8,128,sox8_PE1
111381,sox8,149,sox8_PE1
111405,sox8,173,sox8_E1I1
111414,sox8,182,sox8_E1I1
111418,sox8,186,sox8_E1I1
111436,sox8,204,sox8_E1I1
111441,sox8,209,sox8_E1I1
111444,sox8,212,sox8_E1I1
111468,sox8,236,sox8_E1I1
111492,sox8,260,sox8_E1I1
111504,sox8,272,sox8_E1I1
111528,sox8,296,sox8_E1I1
111546,sox8,314,sox8_E1I1
111548,sox8,316,sox8_E1I1
111563,sox8,331,sox8_E1I1
111569,sox8,337,sox8_E1I1
111574,sox8,342,sox8_E1I1
111587,sox8,355,sox8_E1I1
111612,sox8,380,sox8_E1I1
111615,sox8,383,sox8_E1I1
111629,sox8,397,sox8_E1I1
111646,sox8,414,sox8_E1I1
111736,sox8,504,
112050,sox8,818,
112076,sox8,844,
112121,sox8,889,
112124,sox8,892,
112127,sox8,895,
112153,sox8,921,
112170,sox8,938,
112467,sox8,1235,
112498,sox8,1266,
112501,sox8,1269,
112530,sox8,1298,
112596,sox8,1364,
112602,sox8,1370,
112622,sox8,1390,
112629,sox8,1397,
112635,sox8,1403,
112650,sox8,1418,
112662,sox8,1430,
112674,sox8,1442,
112686,sox8,1454,
112695,sox8,1463,
112724,sox8,1492,
112734,sox8,1502,
112750,sox8,1518,
112782,sox8,1550,
112788,sox8,1556,
112804,sox8,1572,
112848,sox8,1616,
112860,sox8,1628,
112884,sox8,1652,
112916,sox8,1684,
112934,sox8,1702,
112938,sox8,1706,
113059,sox8,1827,
113075,sox8,1843,
113118,sox8,1886,
113150,sox8,1918,
113158,sox8,1926,
113190,sox8,1958,
113231,sox8,1999,
113286,sox8,2054,
113344,sox8,2112,
113420,sox8,2188,
113426,sox8,2194,
113472,sox8,2240,
113531,sox8,2299,
113646,sox8,2414,
113801,sox9,-1071,sox9_P
113818,sox9,-1054,sox9_P
113820,sox9,-1052,sox9_P
113879,sox9,-993,sox9_P
113888,sox9,-984,sox9_P
113924,sox9,-948,sox9_P
114069,sox9,-803,sox9_P
114169,sox9,-703,sox9_P
114294,sox9,-578,sox9_P
114316,sox9,-556,sox9_P
114408,sox9,-464,sox9_P
114420,sox9,-452,sox9_P
114432,sox9,-440,sox9_P
114458,sox9,-414,sox9_P
114464,sox9,-408,sox9_P
114497,sox9,-375,sox9_P
114500,sox9,-372,sox9_P
114522,sox9,-350,sox9_P
114640,sox9,-232,sox9_P
114652,sox9,-220,sox9_P
114669,sox9,-203,sox9_P
114677,sox9,-195,sox9_P
114767,sox9,-105,sox9_PE1
114845,sox9,-27,sox9_PE1
114869,sox9,-3,sox9_PE1
114883,sox9,11,sox9_PE1
114928,sox9,56,sox9_PE1
114931,sox9,59,sox9_PE1
114961,sox9,89,sox9_PE1
114963,sox9,91,sox9_PE1
114969,sox9,97,sox9_PE1
114972,sox9,100,sox9_PE1
114978,sox9,106,sox9_PE1
114982,sox9,110,sox9_PE1
114988,sox9,116,sox9_PE1
114993,sox9,121,sox9_PE1
115000,sox9,128,sox9_PE1
115010,sox9,138,sox9_PE1
115014,sox9,142,sox9_PE1
115018,sox9,146,sox9_PE1
115060,sox9,188,sox9_PE1
115093,sox9,221,
115095,sox9,223,
115120,sox9,248,
115128,sox9,256,
115143,sox9,271,
115148,sox9,276,
115150,sox9,278,
115156,sox9,284,
115161,sox9,289,
115180,sox9,308,
115198,sox9,326,
115200,sox9,328,
115224,sox9,352,
115226,sox9,354,
115264,sox9,392,
115266,sox9,394,
115307,sox9,435,
115338,sox9,466,
115348,sox9,476,
115350,sox9,478,
115355,sox9,483,
115373,sox9,501,
115519,sox9,647,
115533,sox9,661,
115545,sox9,673,
115650,sox9,778,
115652,sox9,780,
115670,sox9,798,
115715,sox9,843,
115728,sox9,856,
115732,sox9,860,
115752,sox9,880,
115801,sox9,929,
115806,sox9,934,
115826,sox9,954,
115835,sox9,963,
115841,sox9,969,
115850,sox9,978,
115858,sox9,986,
115876,sox9,1004,
115901,sox9,1029,
115909,sox9,1037,
115912,sox9,1040,
115925,sox9,1053,
115992,sox9,1120,
116027,sox9,1155,
116363,sox9,1491,
116365,sox9,1493,
116372,sox9,1500,
116396,sox9,1524,
116422,sox9,1550,
116446,sox9,1574,
116449,sox9,1577,
116476,sox9,1604,
116482,sox9,1610,
116488,sox9,1616,
116515,sox9,1643,
116518,sox9,1646,
116530,sox9,1658,
116532,sox9,1660,
116542,sox9,1670,
116551,sox9,1679,
116581,sox9,1709,
116596,sox9,1724,
116608,sox9,1736,
116770,sox9,1898,
116829,sox9,1957,
116887,sox9,2015,
116889,sox9,2017,
116905,sox9,2033,
116949,sox9,2077,
116961,sox9,2089,
116965,sox9,2093,
116968,sox9,2096,
117009,sox9,2137,
117054,sox9,2182,
117118,sox9,2246,
117128,sox9,2256,
117398,sox9,2526,
117416,sox9,2544,